kaptCode,kaptName,kaptAddr,kaptDongCnt,kaptdaCnt,kaptAcompany,kaptBcompany,codeAptNm,doroJuso,hoCnt,codeHallNm,kaptUsedate,kaptMparea_60,kaptMparea_85,kaptMparea_135,kaptMparea_136,bjdCode
A10023825,강남센트럴아이파크,서울특별시 강남구 역삼동 712-1 강남센트럴아이파크,5,499,개나리4차 재건축조합,현대산업개발,아파트,서울특별시 강남구 테헤란로44길 26,499,계단식,20220428,100,208,166,25,1168010100
A13579506,개나리SKVIEW,서울특별시 강남구 역삼동 716-3 개나리SKVIEW,3,240,개나리5차주택재건축정비조합,SK건설,아파트,서울특별시 강남구 역삼로 315-1,240,계단식,20120817,0,144,96,0,1168010100
A13592002,대우디오빌역삼,서울특별시 강남구 역삼동 720-25 대우디오빌역삼,1,457,대우건설,대우건설,주상복합,서울특별시 강남구 언주로 427,457,복도식,20020625,434,23,0,0,1168010100
A13508003,대우디오빌플러스,서울특별시 강남구 역삼동 824-25 대우디오빌플러스,1,168,플러스하우징,대우건설,아파트,서울특별시 강남구 강남대로84길 33,168,복도식,20040525,168,0,0,0,1168010100
A13508011,래미안그레이튼,서울특별시 강남구 역삼동 762-3 래미안그레이튼,5,464,삼성건설,삼성건설,아파트,서울특별시 강남구 도곡로43길 21,464,계단식,20100604,94,188,182,0,1168010100
A13579505,래미안그레이튼3차,서울특별시 강남구 역삼동 763-16 래미안그레이튼3차,8,476,진달래아파트3차 재건축조합,삼성물산,아파트,서울특별시 강남구 도곡로43길 20,476,계단식,20091228,121,281,0,74,1168010100
A13579503,역삼2차아이파크,서울특별시 강남구 역삼동 765-32 역삼2차아이파크,3,150,신도곡아파트재건축조합,현대산업개발(주),아파트,서울특별시 강남구 도곡로57길 12,150,계단식,20081202,30,87,33,0,1168010100
A13592605,역삼e-편한세상,서울특별시 강남구 역삼동 755-4 역삼e-편한세상,12,840,(주)대림산업,(주)대림산업,아파트,서울특별시 강남구 선릉로69길 20,840,계단식,20051216,513,327,0,0,1168010100
A13592601,역삼개나리래미안,서울특별시 강남구 역삼동 754 역삼개나리래미안,7,438,개나리래미안조합,삼성,아파트,서울특별시 강남구 역삼로 306,438,계단식,20060831,88,133,143,74,1168010100
A13579501,역삼개나리푸르지오,서울특별시 강남구 역삼동 755-1 역삼개나리푸르지오,5,332,대우건설,대우건설,아파트,서울특별시 강남구 역삼로 314,332,계단식,20060814,67,102,85,78,1168010100
A13508002,역삼경남,서울특별시 강남구 역삼동 722 역삼경남,1,164,역삼 주상복합조합,경남기업,주상복합,서울특별시 강남구 언주로85길 13,164,계단식,20020501,0,164,0,0,1168010100
A13591402,역삼금호어울림,서울특별시 강남구 역삼동 835-67 역삼금호어울림,3,183,금호,금호산업(주),아파트,서울특별시 강남구 도곡로7길 22,183,계단식,20031202,0,54,129,0,1168010100
A13508004,역삼동부센트레빌,서울특별시 강남구 역삼동 716 역삼동부센트레빌,1,206,선릉123지여구택조합,동부건설(주),아파트,서울특별시 강남구 선릉로 423,206,계단식,19980421,103,103,0,0,1168010100
A13592706,역삼래미안,서울특별시 강남구 역삼동 757 역삼래미안,12,1050,영동1재건축조합,삼성물산,아파트,서울특별시 강남구 선릉로69길 19,1050,계단식,20051026,722,328,0,0,1168010100
A13508006,역삼래미안펜타빌,서울특별시 강남구 역삼동 713-7 역삼래미안펜타빌,5,288,삼성물산,삼성물산,아파트,서울특별시 강남구 역삼로 309,288,계단식,20071130,0,0,0,288,1168010100
A13508010,역삼쌍용플래티넘밸류,서울특별시 강남구 역삼동 826-37 역삼쌍용플래티넘밸류,3,166,한국자산신탁(주),쌍용건설(주),주상복합,서울특별시 강남구 테헤란로4길 46,166,혼합식,20070119,0,110,56,0,1168010100
A13508009,역삼아이파크,서울특별시 강남구 역삼동 713-11 역삼아이파크,7,541,개나리2차저층재건축조합,현대산업개발(주),아파트,서울특별시 강남구 역삼로 307,541,혼합식,20060928,178,0,240,123,1168010100
A10027474,역삼자이아파트,서울특별시 강남구 역삼동 711-1 역삼자이아파트,3,408,개나리6차아파트주택재건축정비사업조합,GS건설,아파트,서울특별시 강남구 언주로 420,408,혼합식,20160622,104,156,148,0,1168010100
A13592604,역삼푸르지오,서울특별시 강남구 역삼동 754-1 역삼푸르지오,11,738,.,대우건설,아파트,서울특별시 강남구 언주로 332,738,계단식,20060102,376,362,0,0,1168010100
A13508005,역삼한스빌아파트,서울특별시 강남구 역삼동 836 역삼한스빌아파트,1,216,한일합섬,한일합섬,아파트,서울특별시 강남구 도곡로3길 26,216,복도식,19961126,216,0,0,0,1168010100
A13508001,역삼휴먼터치빌,서울특별시 강남구 역삼동 606-18 역삼휴먼터치빌,1,160,현대산업개발,현대산업개발,주상복합,서울특별시 강남구 논현로 565,160,복도식,19990619,160,0,0,0,1168010100
A13508012,테헤란 IPARK,서울특별시 강남구 역삼동 709 테헤란 IPARK,6,411,성보아파트주택재건축정비사업조합,현대산업개발,아파트,서울특별시 강남구 테헤란로52길 16,411,계단식,20140124,17,184,210,0,1168010100
A13579504,한화진넥스빌,서울특별시 강남구 역삼동 706-20 한화진넥스빌,1,294,(주)한화건설,(주)한화건설,주상복합,서울특별시 강남구 언주로86길 11,294,복도식,20010130,294,0,0,0,1168010100
A13593908,SH공사대치1단지,서울특별시 강남구 개포동 12 SH공사대치1단지,8,1623,남강개발,SH공사,아파트,서울특별시 강남구 개포로109길 5,1623,복도식,19911120,1623,0,0,0,1168010300
A13524006,개포2차 현대아파트,서울특별시 강남구 개포동 654 개포2차 현대아파트,13,558,현대산업개발(주),현대산업개발(주),아파트,서울특별시 강남구 언주로 107,558,계단식,19860131,0,112,230,216,1168010300
A13580602,개포경남아파트,서울특별시 강남구 개포동 649 개포경남아파트,9,678,경남건설,경남건설,아파트,서울특별시 강남구 언주로 110,678,계단식,19840308,0,3,387,288,1168010300
A13524009,개포대치2단지,서울특별시 강남구 개포동 12 개포대치2단지,11,1753,서울특별시도시개발공사,성원건설.진덕산업주식회사,아파트,서울특별시 강남구 개포로109길 9,1753,복도식,19921014,1753,0,0,0,1168010300
A10023996,개포더샵트리에,서울특별시 강남구 개포동 651-1 개포더샵트리에,2,232,개포우성9차모델링조합,포스코,아파트,서울특별시 강남구 개포로 311,232,계단식,20211201,0,0,232,0,1168010300
A10024564,개포래미안포레스트,서울특별시 강남구 개포동 1282 개포래미안포레스트,31,2296,개포시영아파트 주택재건축 정비사업조합,삼성물산(주),아파트,서울특별시 강남구 개포로 264,2296,혼합식,20200928,900,905,458,33,1168010300
A13524004,개포우성3차,서울특별시 강남구 개포동 652 개포우성3차,5,405,우성건설,우성건설,아파트,서울특별시 강남구 개포로 307,405,혼합식,19841231,0,0,285,120,1168010300
A13580002,개포우성8차,서울특별시 강남구 개포동 179 개포우성8차,3,261,영동전화국 주택조합,우성건설,아파트,서울특별시 강남구 개포로 411,261,혼합식,19870921,0,261,0,0,1168010300
A13593901,개포자이아파트,서울특별시 강남구 개포동 12-2 개포자이아파트,4,212,LG건설,박연정,아파트,서울특별시 강남구 개포로109길 69,212,계단식,20040617,0,0,84,128,1168010300
A10023348,개포자이프레지던스,서울특별시 강남구 개포동 0 개포자이프레지던스,35,3375,개포주공4단지주택재건축조합,GS건설,NA,서울특별시 강남구 삼성로 14,3375,혼합식,20230228,168,900,2040,267,1168010300
A13599402,개포주공5단지,서울특별시 강남구 개포동 187 개포주공5단지,6,940,대우건설,대한주택공사,아파트,서울특별시 강남구 삼성로4길 17,940,복도식,19831026,190,750,0,0,1168010300
A13599303,개포주공6단지,서울특별시 강남구 개포동 185 개포주공6단지,9,1060,대한주택공사,현대건설(주),아파트,서울특별시 강남구 개포로 516,1060,혼합식,19831026,220,840,0,0,1168010300
A13599301,개포주공7단지,서울특별시 강남구 개포동 185 개포주공7단지,8,900,주택공사,주택공사,아파트,서울특별시 강남구 개포로 516,900,복도식,19831026,180,720,0,0,1168010300
A13524005,개포현대1차,서울특별시 강남구 개포동 653 개포현대1차,6,416,현대,현대산업개발(주),아파트,서울특별시 강남구 개포로 303,416,계단식,19840420,0,0,208,208,1168010300
A13580001,개포현대3차,서울특별시 강남구 개포동 177 개포현대3차,5,198,현대건설(주),현대건설(주),아파트,서울특별시 강남구 개포로 409,198,계단식,19860331,0,54,36,108,1168010300
A13594007,대청,서울특별시 강남구 개포동 12 대청,6,822,도시개발공사,삼익건설,아파트,서울특별시 강남구 개포로109길 21,822,복도식,19921014,822,0,0,0,1168010300
A10025203,디에이치 아너힐즈,서울특별시 강남구 개포동 138 디에이치 아너힐즈,23,1320,개포주공3단지주택재건축정비사업조합,현대건설,아파트,서울특별시 강남구 삼성로 11,1320,혼합식,20190829,426,629,261,4,1168010300
A10025675,래미안블레스티지,서울특별시 강남구 개포동 1280 래미안블레스티지,23,1957,개포주공2단지주택재건축정비사업조합,삼성물산,아파트,서울특별시 강남구 선릉로 8,1957,계단식,20190226,661,780,511,5,1168010300
A13510103,삼성청담공원,서울특별시 강남구 청담동 60 삼성청담공원,8,391,삼성물산,삼성물산,아파트,서울특별시 강남구 도산대로96길 39,391,혼합식,19990830,75,86,230,0,1168010400
A13510202,청담2차현대아파트,서울특별시 강남구 청담동 23 청담2차현대아파트,2,214,1,현대산업개발,아파트,서울특별시 강남구 선릉로 748,214,계단식,19880530,0,214,0,0,1168010400
A13576201,청담건영아파트,서울특별시 강남구 청담동 108 청담건영아파트,2,240,청강연합주택조합,건영종합건설(주),아파트,서울특별시 강남구 도산대로89길 49,240,계단식,19940905,0,240,0,0,1168010400
A13510006,청담대림,서울특별시 강남구 청담동 30-33 청담대림,4,271,에코프렌드,대림산업,아파트,서울특별시 강남구 학동로77길 27,271,계단식,20021230,0,152,119,0,1168010400
A13510003,청담대우유로카운티,서울특별시 강남구 청담동 50-5 청담대우유로카운티,4,196,(주)대우건설,(주)대우건설,아파트,서울특별시 강남구 도산대로92길 10,196,계단식,20040422,0,1,155,40,1168010400
A13510203,청담래미안,서울특별시 강남구 청담동 42 청담래미안,2,217,삼성물산(주),삼성물산(주),아파트,서울특별시 강남구 학동로 405,217,혼합식,19991029,51,58,108,0,1168010400
A13510009,청담래미안로이뷰,서울특별시 강남구 청담동 134 청담래미안로이뷰,1,177,청담두산리모델링조합,삼성물산,아파트,서울특별시 강남구 영동대로142길 16,177,계단식,19920131,0,0,177,0,1168010400
A13510001,청담삼성1차,서울특별시 강남구 청담동 33 청담삼성1차,1,158,삼성물산,삼성건설,아파트,서울특별시 강남구 삼성로133길 20,158,혼합식,19971219,70,88,0,0,1168010400
A13510005,청담삼성진흥,서울특별시 강남구 청담동 65 청담삼성진흥,7,630,타임종합기술,진흥기업(주),아파트,서울특별시 강남구 학동로 513,630,혼합식,19840718,0,2,242,386,1168010400
A13510201,청담삼환,서울특별시 강남구 청담동 10 청담삼환,1,184,동일건축,삼환기업(주),아파트,서울특별시 강남구 학동로77길 49,184,혼합식,19991130,56,82,46,0,1168010400
A13510007,청담자이,서울특별시 강남구 청담동 134-38 청담자이,5,708,청담 한양아파트 주택재건축사업조합,GS건설,아파트,서울특별시 강남구 영동대로138길 12,708,계단식,20111021,388,116,204,0,1168010400
A13510102,청담현대3차,서울특별시 강남구 청담동 127-31 청담현대3차,4,317,현대건설(주),현대건설(주),아파트,서울특별시 강남구 도산대로101길 29,317,혼합식,19990619,101,76,140,0,1168010400
A13510002,청담휴먼스타빌,서울특별시 강남구 청담동 5-25 청담휴먼스타빌,1,191,휴먼터치,휴먼터치,주상복합,서울특별시 강남구 도산대로 454,191,계단식,20051021,181,4,0,6,1168010400
A10024131,래미안 라클래시,서울특별시 강남구 삼성동 19-4 래미안 라클래시,7,679,상아아파트2차 주택재건축정비사업조합,삼성물산,아파트,서울특별시 강남구 삼성로 651,679,계단식,20210917,164,372,112,31,1168010500
A10026350,삼성동센트럴아이파크,서울특별시 강남구 삼성동 188 삼성동센트럴아이파크,4,416,상아3차아파트주택재건축정비사업조합,현대산업개발,아파트,서울특별시 강남구 삼성로 629,416,계단식,20180330,115,204,75,22,1168010500
A13550701,삼성동중앙하이츠빌리지,서울특별시 강남구 삼성동 14-1 삼성동중앙하이츠빌리지,5,298,중앙건설,중앙건설,아파트,서울특별시 강남구 학동로68길 30,298,계단식,20041229,60,90,0,148,1168010500
A13570501,삼성동힐스테이트2단지,서울특별시 강남구 삼성동 50 삼성동힐스테이트2단지,12,926,조합,현대건설,아파트,서울특별시 강남구 삼성로111길 8,926,혼합식,20081210,186,740,0,0,1168010500
A13509005,삼성래미안2차,서울특별시 강남구 삼성동 7-3 삼성래미안2차,8,275,삼성,삼성,아파트,서울특별시 강남구 선릉로130길 20,275,계단식,20070525,0,46,196,33,1168010500
A13509007,삼성롯데,서울특별시 강남구 삼성동 17 삼성롯데,3,339,롯데건설,롯데건설,아파트,서울특별시 강남구 학동로 432,339,혼합식,20000415,99,84,156,0,1168010500
A13509010,삼성롯데캐슬프레미어,서울특별시 강남구 삼성동 11 삼성롯데캐슬프레미어,11,713,해청재건축조합,롯데건설,아파트,서울특별시 강남구 선릉로126길 22,713,계단식,20070326,0,158,415,140,1168010500
A13509006,삼성서광,서울특별시 강남구 삼성동 2 삼성서광,2,304,삼성동 지역 주택조합 아파트,(주)서광건설 산업,아파트,서울특별시 강남구 선릉로130길 19,304,계단식,19981106,152,152,0,0,1168010500
A13509101,삼성청구타운,서울특별시 강남구 삼성동 78-4 삼성청구타운,3,167,청구,청구,아파트,서울특별시 강남구 영동대로128길 5,167,계단식,19900818,0,167,0,0,1168010500
A13509003,삼성풍림아파트1차,서울특별시 강남구 삼성동 106 삼성풍림아파트1차,1,252,풍림건설,풍림건설,아파트,서울특별시 강남구 영동대로112길 15,252,혼합식,19980727,123,75,54,0,1168010500
A13509004,삼성한솔,서울특별시 강남구 삼성동 4-6 삼성한솔,2,263,한솔건설,한솔건설,아파트,서울특별시 강남구 학동로64길 7,263,복도식,19981116,114,89,60,0,1168010500
A13509001,삼성현대,서울특별시 강남구 삼성동 6 삼성현대,1,198,동남아재건축조합,현대산업개발,아파트,서울특별시 강남구 학동로64길 14,198,혼합식,19990416,89,60,49,0,1168010500
A13509012,삼성힐스테이트1단지,서울특별시 강남구 삼성동 16-2 삼성힐스테이트1단지,17,1144,영동차관아파트재건축정비사업조합,현대건설(주),아파트,서울특별시 강남구 학동로68길 29,1144,계단식,20081210,230,744,170,0,1168010500
A13587603,선릉에클라트,서울특별시 강남구 삼성동 142-3 선릉에클라트,1,293,(주)규형디앤씨,LG건설,주상복합,서울특별시 강남구 테헤란로63길 12,293,복도식,20040622,293,0,0,0,1168010500
A13509009,아이파크삼성동,서울특별시 강남구 삼성동 87 아이파크삼성동,3,449,현대산업개발,현대산업개발,아파트,서울특별시 강남구 영동대로 640,449,계단식,20040318,0,0,0,449,1168010500
A13528105,개포1차2차우성,서울특별시 강남구 대치동 500 개포1차2차우성,14,1140,우성건설,우성건설,아파트,서울특별시 강남구 선릉로 120,1140,계단식,19831217,0,330,600,210,1168010600
A10026924,대치SK VIEW,서울특별시 강남구 대치동 1029 대치SK VIEW,4,239,대치국제아파트주택재건축정비사업조합,에스케이건설(주),아파트,서울특별시 강남구 삼성로51길 25,239,계단식,20170620,4,104,131,0,1168010600
A13528001,대치대우아이빌4차,서울특별시 강남구 대치동 891-23 대치대우아이빌4차,1,210,"맘모스산업개발,k2Enc",대우건설,주상복합,서울특별시 강남구 선릉로90길 56,210,복도식,20040223,210,0,0,0,1168010600
A13528103,대치동부센트레빌,서울특별시 강남구 대치동 670 대치동부센트레빌,7,805,대치주공고층아파트재건축조합,동부건설,아파트,서울특별시 강남구 선릉로 206,805,계단식,20050128,0,0,198,607,1168010600
A10024102,대치르엘,서울특별시 강남구 대치동 977 대치르엘,6,273,대치제2지구재건축조합,롯데건설,아파트,서울특별시 강남구 도곡로93길 23,273,계단식,20210917,107,164,2,0,1168010600
A13528004,대치미도맨션,서울특별시 강남구 대치동 511 대치미도맨션,21,2436,한보주택(주),한보주택(주),아파트,서울특별시 강남구 삼성로 150,2436,혼합식,19831128,0,616,1344,476,1168010600
A13528003,대치삼성,서울특별시 강남구 대치동 1014-3 대치삼성,14,960,삼성물산,삼성물산,아파트,서울특별시 강남구 도곡로78길 22,960,혼합식,20000731,249,192,519,0,1168010600
A13583604,대치선경,서울특별시 강남구 대치동 506 대치선경,12,1034,선경건설,선경건설,아파트,서울특별시 강남구 삼성로 151,1034,계단식,19831212,0,260,348,426,1168010600
A13583402,대치쌍용2차,서울특별시 강남구 대치동 65 대치쌍용2차,4,364,쌍용건설,쌍용건설,아파트,서울특별시 강남구 영동대로 220,364,계단식,19831130,0,140,224,0,1168010600
A13528102,대치아이파크,서울특별시 강남구 대치동 888 대치아이파크,11,768,대치도곡제2아파트재건축조합,현대산업개발,아파트,서울특별시 강남구 선릉로 222,768,계단식,20080603,150,238,236,144,1168010600
A13583403,대치우성1차아파트,서울특별시 강남구 대치동 63 대치우성1차아파트,6,476,(주)우성건설,(주)우성건설,아파트,서울특별시 강남구 영동대로 230,476,계단식,19840127,0,224,252,0,1168010600
A13584101,대치포스코더샵,서울특별시 강남구 대치동 902 대치포스코더샵,4,276,동아1차재건축조합,포스코건설,아파트,서울특별시 강남구 삼성로 417,276,계단식,20040930,0,0,0,276,1168010600
A13583701,대치현대,서울특별시 강남구 대치동 974 대치현대,8,630,신해청재건축조합,현대건설(주),아파트,서울특별시 강남구 삼성로64길 5,630,혼합식,19990614,286,203,141,0,1168010600
A10027800,래미안 대치 팰리스,서울특별시 강남구 대치동 633 래미안 대치 팰리스,17,1608,청실아파트 재건축조합,삼성물산,아파트,서울특별시 강남구 삼성로57길 37-3,1608,계단식,20150922,54,447,1011,96,1168010600
A13528007,래미안대치하이스턴,서울특별시 강남구 대치동 985 래미안대치하이스턴,5,354,우성2차리모델링주택조합,삼성물산주식회사,아파트,서울특별시 강남구 도곡로93길 12,357,계단식,19891206,0,0,354,0,1168010600
A13583404,쌍용대치1차,서울특별시 강남구 대치동 66 쌍용대치1차,5,630,쌍용건설,쌍용건설,아파트,서울특별시 강남구 영동대로 210,630,계단식,19830307,0,270,240,120,1168010600
A13583507,은마,서울특별시 강남구 대치동 316 은마,28,4424,한보,한보,아파트,서울특별시 강남구 삼성로 212,4424,복도식,19790830,0,4424,0,0,1168010600
A13528005,테헤란로대우아이빌,서울특별시 강남구 대치동 891-6 테헤란로대우아이빌,1,372,프리즘(주),대우건설,주상복합,서울특별시 강남구 테헤란로 428,372,복도식,20040429,344,28,0,0,1168010600
A10024501,논현 기린힐스,서울특별시 강남구 논현동 130-9 논현 기린힐스,1,249,기린건축,대림건설,아파트,서울특별시 강남구 논현로 661,249,복도식,20201030,249,0,0,0,1168010800
A13583301,논현동부센트레빌,서울특별시 강남구 논현동 275 논현동부센트레빌,4,160,양지아파트재건축조합,동부건설,아파트,서울특별시 강남구 언주로116길 6,160,계단식,20031224,0,76,84,0,1168010800
A13582002,논현동현,서울특별시 강남구 논현동 105 논현동현,6,548,동산토건(주),동산토건(주),아파트,서울특별시 강남구 언주로146길 18,549,계단식,19850803,0,380,120,48,1168010800
A13501004,논현신동아,서울특별시 강남구 논현동 22 논현신동아,6,644,논현동공무원아파트재건축조합,신동아건설,아파트,서울특별시 강남구 강남대로146길 28,644,혼합식,19970704,273,219,152,0,1168010800
A13501001,동양파라곤,서울특별시 강남구 논현동 245 동양파라곤,4,203,동양고속건설주식회사,동양고속건설주식회사,아파트,서울특별시 강남구 언주로130길 30,203,계단식,20040602,0,0,0,203,1168010800
A13572601,동화히스토리,서울특별시 강남구 논현동 122-8 동화히스토리,1,236,동화상가(주),한신공영개발(주),주상복합,서울특별시 강남구 학동로4길 15,236,복도식,20120817,236,0,0,0,1168010800
A13501002,마일스디오빌,서울특별시 강남구 논현동 58-2 마일스디오빌,1,260,대우건설,대우건설,주상복합,서울특별시 강남구 학동로 165,260,복도식,20041126,260,0,0,0,1168010800
A13501006,아크로힐스논현,서울특별시 강남구 논현동 276 아크로힐스논현,4,368,경복아파트주택재건축정비사업조합,대림산업(주),아파트,서울특별시 강남구 언주로 604,368,타워형,20141208,34,222,112,0,1168010800
A13511101,"압구정 현대(10,13,14차)","서울특별시 강남구 압구정동 436 압구정 현대(10,13,14차)",10,766,현대산업개발,현대산업개발,아파트,서울특별시 강남구 압구정로29길 69,766,혼합식,19820614,0,389,329,48,1168011000
A13511001,압구정미성1차,서울특별시 강남구 압구정동 414 압구정미성1차,3,322,라이프,라이프주택,아파트,서울특별시 강남구 압구정로11길 17,322,혼합식,19821118,0,1,125,196,1168011000
A13511003,압구정미성2차,서울특별시 강남구 압구정동 397 압구정미성2차,9,911,라이프주택,라이프주택,아파트,서울특별시 강남구 압구정로 113,911,혼합식,19871205,0,459,180,272,1168011000
A13511004,압구정신현대,서울특별시 강남구 압구정동 426 압구정신현대,27,1924,한국도시개발공사(주),한국도시개발공사(주),아파트,서울특별시 강남구 압구정로 151,1924,혼합식,19820525,0,1,871,1052,1168011000
A13590602,압구정한양3단지,서울특별시 강남구 압구정동 513 압구정한양3단지,6,582,한양주택,한양주택,아파트,서울특별시 강남구 압구정로 401,582,혼합식,19791113,0,4,428,150,1168011000
A13551103,압구정한양아파트제1단지,서울특별시 강남구 압구정동 490 압구정한양아파트제1단지,15,1232,(주)한양주택,(주)한양주택,아파트,서울특별시 강남구 압구정로 347,1232,복도식,19771226,194,598,145,295,1168011000
A13590204,압구정한양아파트제2단지,서울특별시 강남구 압구정동 484 압구정한양아파트제2단지,11,825,한양주택,(주)한양주택,아파트,서울특별시 강남구 압구정로 313,825,혼합식,19781130,0,1,544,280,1168011000
A13511201,압구정현대8차,서울특별시 강남구 압구정동 481 압구정현대8차,5,515,현대건설,도시개발,아파트,서울특별시 강남구 압구정로 309,515,혼합식,19800915,0,0,371,144,1168011000
A13589802,압구정현대아파트,서울특별시 강남구 압구정동 369-1 압구정현대아파트,41,3130,현대건설 현대산업개발,현대건설,아파트,서울특별시 강남구 압구정로29길 71,3130,혼합식,19760607,0,656,387,2087,1168011000
A13519005,강남데시앙파크,서울특별시 강남구 세곡동 525 강남데시앙파크,15,546,SH공사,태영건설,아파트,서울특별시 강남구 헌릉로590길 63,546,계단식,20111101,44,243,259,0,1168011100
A13519001,강남신동아파밀리에1단지,서울특별시 강남구 세곡동 508 강남신동아파밀리에1단지,6,395,sh공사,신동아,아파트,서울특별시 강남구 헌릉로590길 100,395,혼합식,20110223,395,0,0,0,1168011100
A13519002,강남신동아파밀리에2단지,서울특별시 강남구 세곡동 511 강남신동아파밀리에2단지,7,410,sh 공사,신동아건설,아파트,서울특별시 강남구 헌릉로590길 10,410,혼합식,20110223,275,135,0,0,1168011100
A13519007,강남엘에이치1단지,서울특별시 강남구 세곡동 579 강남엘에이치1단지,12,809,한국토지주택공사,고려개발(주),아파트,서울특별시 강남구 헌릉로571길 20,809,계단식,20130612,324,485,0,0,1168011100
A10027558,강남효성해링턴코트,서울특별시 강남구 세곡동 541 강남효성해링턴코트,11,199,(주)대륜테라스빌피에프브이,555071,연립주택,서울특별시 강남구 자곡로7길 36-1,199,계단식,20160428,0,0,199,0,1168011100
A13519003,세곡리엔파크3단지,서울특별시 강남구 세곡동 516 세곡리엔파크3단지,7,363,서울시 SH공사,신동아건설,아파트,서울특별시 강남구 헌릉로590길 11,363,혼합식,20110223,247,116,0,0,1168011100
A13519004,세곡리엔파크4단지,서울특별시 강남구 세곡동 522 세곡리엔파크4단지,8,407,SH공사,태영건설,아파트,서울특별시 강남구 헌릉로590길 88,407,혼합식,20110616,323,84,0,0,1168011100
A13519006,세곡푸르지오,서울특별시 강남구 세곡동 533 세곡푸르지오,16,912,LH강남지역본부,"대우건설,대림산업,태영건설",아파트,서울특별시 강남구 자곡로 21,912,계단식,20120831,167,745,0,0,1168011100
A13519008,LH강남3단지,서울특별시 강남구 자곡동 621 LH강남3단지,15,1065,한국토지주택공사,(주)풍림,아파트,서울특별시 강남구 자곡로3길 22,1065,복도식,20131113,1065,0,0,0,1168011200
A10027985,LH강남힐스테이트아파트,서울특별시 강남구 자곡동 619 LH강남힐스테이트아파트,5,1339,한국토지공사,현대건설,아파트,서울특별시 강남구 자곡로3길 21,1339,복도식,20150602,789,550,0,0,1168011200
A13520004,강남브리즈힐,서울특별시 강남구 자곡동 618 강남브리즈힐,13,402,한국토지주택공사,"현대아산(주), 신성건설(주) 등",아파트,서울특별시 강남구 자곡로3길 45,402,계단식,20141030,0,402,0,0,1168011200
A10028172,강남자곡아이파크,서울특별시 강남구 자곡동 602 강남자곡아이파크,10,716,계룡건설산업(주),한국토지주택공사,아파트,서울특별시 강남구 자곡로 175,716,계단식,20141002,195,521,0,0,1168011200
A13520002,강남한양수자인,서울특별시 강남구 자곡동 77 강남한양수자인,26,1304,SH공사,한양수자인,아파트,서울특별시 강남구 자곡로 260,1304,혼합식,20140314,625,347,332,0,1168011200
A13520003,래미안강남힐즈,서울특별시 강남구 자곡동 611 래미안강남힐즈,20,1020,삼성물산,삼성물산,아파트,서울특별시 강남구 자곡로 101,1020,계단식,20140627,0,0,1020,0,1168011200
A13520001,래미안포레,서울특별시 강남구 자곡동 361 래미안포레,15,1070,sh공사,삼성물산,아파트,서울특별시 강남구 밤고개로21길 25,1070,혼합식,20140313,714,306,50,0,1168011200
A10027912,강남한신휴플러스 6단지,서울특별시 강남구 율현동 336 강남한신휴플러스 6단지,12,378,SH공사,한신공영,아파트,서울특별시 강남구 밤고개로26길 50,378,혼합식,20150923,326,52,0,0,1168011300
A10027909,강남한신휴플러스 8단지,서울특별시 강남구 율현동 217 강남한신휴플러스 8단지,11,169,에스에치공사,한신공영,아파트,서울특별시 강남구 밤고개로27길 20,169,계단식,20150923,108,6,55,0,1168011300
A13594403,개포7차우성,서울특별시 강남구 일원동 615 개포7차우성,15,802,(주)우성,(주)우성,아파트,서울특별시 강남구 개포로110길 15,802,계단식,19871211,0,802,0,0,1168011400
A10023547,개포상록스타힐스,서울특별시 강남구 일원동 688 개포상록스타힐스,12,1703,공무원연금공단,서희건설,NA,서울특별시 강남구 영동대로 16,1837,혼합식,20221031,1703,0,0,0,1168011400
A13594402,개포한신,서울특별시 강남구 일원동 615-1 개포한신,4,364,한신공영,한신공영,아파트,서울특별시 강남구 개포로110길 43,364,복도식,19840310,0,134,230,0,1168011400
A10024216,디에이치 자이 개포,서울특별시 강남구 일원동 611-1 디에이치 자이 개포,15,1996,현대건설개포컨소시엄,"현대건설, 현대엔지니어링, GS건설",아파트,서울특별시 강남구 영동대로 22,1996,계단식,20210730,306,1198,486,6,1168011400
A10024258,디에이치포레센트아파트,서울특별시 강남구 일원동 690-1 디에이치포레센트아파트,4,184,일원동 대우정비사업주택조합,현대건설,NA,서울특별시 강남구 개포로110길 38,184,계단식,20210122,39,80,65,0,1168011400
A10025823,래미안개포루체하임,서울특별시 강남구 일원동 690-2 래미안개포루체하임,12,850,현대아파트 재건축 조합,삼성물산,아파트,서울특별시 강남구 개포로110길 50,850,계단식,20181121,210,395,239,6,1168011400
A13594702,상록수아파트,서울특별시 강남구 일원동 734 상록수아파트,22,740,"남광토건, 대우","남광, 대우",아파트,서울특별시 강남구 광평로10길 15,740,계단식,19930327,0,740,0,0,1168011400
A13593802,수서1-1단지아파트,서울특별시 강남구 일원동 711 수서1-1단지아파트,14,2214,SH공사,(주)신한외 8개업체,아파트,서울특별시 강남구 양재대로55길 10,2214,복도식,19921126,2214,0,0,0,1168011400
A13523003,수서가람,서울특별시 강남구 일원동 735 수서가람,13,496,..,동원건설(248세대)/두산건설(248세대),아파트,서울특별시 강남구 일원로 127,496,계단식,19930309,0,496,0,0,1168011400
A13593801,일원동 수서아파트,서울특별시 강남구 일원동 711 일원동 수서아파트,7,720,서울시도시개발공사,신한건설,아파트,서울특별시 강남구 양재대로55길 12,720,혼합식,19921126,720,0,0,0,1168011400
A13523005,일원목련타운,서울특별시 강남구 일원동 716 일원목련타운,8,650,진로.금호,금호.진로,아파트,서울특별시 강남구 광평로19길 15,650,계단식,19930925,0,0,650,0,1168011400
A13523004,일원샘터마을,서울특별시 강남구 일원동 718 일원샘터마을,9,628,"극동건설,현대건설",극동건설/현대건설,아파트,서울특별시 강남구 일원로 120,628,계단식,19940214,0,0,613,15,1168011400
A13523001,일원청솔빌리지,서울특별시 강남구 일원동 739 일원청솔빌리지,13,291,태신개발(주),태신개발(주),연립주택,서울특별시 강남구 광평로10길 50,291,복도식,19931213,291,0,0,0,1168011400
A13594203,푸른마을아파트,서울특별시 강남구 일원동 719 푸른마을아파트,11,930,"삼성종합건설(주),삼호건설","삼성종합건설(주), (주)삼호건설",아파트,서울특별시 강남구 일원로14길 25,930,혼합식,19940127,466,464,0,0,1168011400
A13594701,한솔마을,서울특별시 강남구 일원동 731 한솔마을,19,570,"건영종합건설, 삼익주택,라이프주택","(주)건영,삼익주택,라이프주택",아파트,서울특별시 강남구 광평로10길 6,570,계단식,19940603,0,570,0,0,1168011400
A10027446,강남더샵포레스트,서울특별시 강남구 수서동 537 강남더샵포레스트,10,400,한국자산신탁,포스코건설,아파트,서울특별시 강남구 광평로34길 35,400,계단식,20160727,0,0,204,196,1168011500
A13552002,강남데시앙포레,서울특별시 강남구 수서동 559 강남데시앙포레,14,787,SH공사,태영건설,아파트,서울특별시 강남구 광평로34길 55,787,계단식,20140805,297,340,150,0,1168011500
A13552001,서울주택도시공사 수서6단지,서울특별시 강남구 수서동 723 서울주택도시공사 수서6단지,7,1512,SH공사,(주)동신주택,아파트,서울특별시 강남구 광평로56길 11,1508,복도식,19921214,1512,0,0,0,1168011500
A13522007,수서까치마을,서울특별시 강남구 수서동 746 수서까치마을,7,1403,.,진흥기업,아파트,서울특별시 강남구 광평로19길 10,1403,복도식,19930908,1403,0,0,0,1168011500
A13588601,수서동익,서울특별시 강남구 수서동 738 수서동익,4,330,동익건설(주),동익건설(주),아파트,서울특별시 강남구 광평로39길 3,330,계단식,19931126,0,330,0,0,1168011500
A13522004,수서삼성,서울특별시 강남구 수서동 747 수서삼성,12,680,삼성생명보험(주),삼성물산(주),아파트,서울특별시 강남구 광평로31길 27,680,계단식,19971101,98,582,0,0,1168011500
A13522003,수서삼익,서울특별시 강남구 수서동 708 수서삼익,5,645,도시개발,삼익건설,아파트,서울특별시 강남구 광평로51길 27,645,복도식,19921028,495,150,0,0,1168011500
A13522006,수서신동아,서울특별시 강남구 수서동 736 수서신동아,8,1162,서울도시개발공사,신동아,아파트,서울특별시 강남구 광평로47길 17,1162,복도식,19921028,1162,0,0,0,1168011500
A13522008,수서주공,서울특별시 강남구 수서동 707 수서주공,14,2565,한국토지주택공사,럭키개발,아파트,서울특별시 강남구 광평로51길 49,2565,복도식,19921017,2565,0,0,0,1168011500
A13588402,수서한아름,서울특별시 강남구 수서동 712 수서한아름,7,498,"한라, 두진","한라, 두진",아파트,서울특별시 강남구 광평로51길 22,498,계단식,19931101,0,0,438,60,1168011500
A13527013,개포4차우성,서울특별시 강남구 도곡동 465 개포4차우성,8,459,(주)우성건설,(주)우성건설,아파트,서울특별시 강남구 언주로 117,459,혼합식,19851226,0,99,144,216,1168011800
A13585401,개포우성5차,서울특별시 강남구 도곡동 463-1 개포우성5차,4,180,우성건설,우성건설,아파트,서울특별시 강남구 언주로29길 34,180,계단식,19861027,0,180,0,0,1168011800
A13527007,도곡1차아이파크,서울특별시 강남구 도곡동 543-7 도곡1차아이파크,5,321,서린아파트,현대산업개발,아파트,NA,321,계단식,20070327,0,123,198,0,1168011800
A13527016,도곡개포한신아파트,서울특별시 강남구 도곡동 464 도곡개포한신아파트,8,620,한신공영,한신공영(주),아파트,서울특별시 강남구 언주로 123,620,혼합식,19851214,404,216,0,0,1168011800
A13527008,도곡경남,서울특별시 강남구 도곡동 967 도곡경남,4,348,경남기업,경남기업,아파트,서울특별시 강남구 논현로 209,348,혼합식,20050602,120,192,36,0,1168011800
A13586101,도곡대림,서울특별시 강남구 도곡동 960 도곡대림,2,197,법무부 주택조합외 4개주택조합,대림건설,아파트,서울특별시 강남구 논현로41길 10,197,계단식,19921119,0,197,0,0,1168011800
A13527014,도곡대림아크로빌,서울특별시 강남구 도곡동 467-6 도곡대림아크로빌,2,490,대림산업,대림산업,주상복합,서울특별시 강남구 언주로30길 13,490,계단식,19991126,4,6,174,306,1168011800
A13527001,도곡동양재디오빌,서울특별시 강남구 도곡동 952 도곡동양재디오빌,1,155,대우건설,대우건설,주상복합,서울특별시 강남구 강남대로 256,155,복도식,20040423,155,0,0,0,1168011800
A13527203,도곡렉슬,서울특별시 강남구 도곡동 527 도곡렉슬,34,3002,도곡주공재건축조합,"현대,쌍용,GS",아파트,서울특별시 강남구 선릉로 221,3002,계단식,20060127,601,936,1402,63,1168011800
A13527004,도곡삼성,서울특별시 강남구 도곡동 161 도곡삼성,4,231,삼성생명보험(주),삼성건설,아파트,서울특별시 강남구 남부순환로379길 14,231,혼합식,19941230,115,116,0,0,1168011800
A13550502,도곡삼성래미안,서울특별시 강남구 도곡동 91-5 도곡삼성래미안,10,732,(주)삼성물산,(주)삼성물산,아파트,서울특별시 강남구 남부순환로 2803,732,계단식,20011201,144,192,396,0,1168011800
A13527019,도곡쌍용예가,서울특별시 강남구 도곡동 902-8 도곡쌍용예가,5,384,도곡동신아파트리모델링주택조합,쌍용건설(주),아파트,서울특별시 강남구 남부순환로363길 30,384,계단식,19781226,0,48,288,48,1168011800
A13527010,도곡우성아파트,서울특별시 강남구 도곡동 934-10 도곡우성아파트,2,390,을지조합,우성건설,아파트,서울특별시 강남구 남부순환로363길 49,390,혼합식,19861031,0,390,0,0,1168011800
A13550403,도곡한신,서울특별시 강남구 도곡동 895-8 도곡한신,5,421,(주)한신공영,(주)한신공영,아파트,NA,421,혼합식,19880716,65,266,90,0,1168011800
A13586102,도곡현대,서울특별시 강남구 도곡동 961 도곡현대,3,211,현대산업개발,현대산업개발,아파트,서울특별시 강남구 도곡로18길 34,211,복도식,19941230,0,211,0,0,1168011800
A13527002,도곡현대그린,서울특별시 강남구 도곡동 964 도곡현대그린,1,171,공업진흥청주택조합,현대산업개발,아파트,서울특별시 강남구 논현로51길 25,171,계단식,20061019,0,171,0,0,1168011800
A13585404,래미안도곡카운티,서울특별시 강남구 도곡동 538 래미안도곡카운티,8,397,삼성물산,삼성물산,아파트,서울특별시 강남구 도곡로 320,397,계단식,20160902,81,159,157,0,1168011800
A13527011,아카데미스위트,서울특별시 강남구 도곡동 467-7 아카데미스위트,1,414,라성건설(주),라성건설(주),주상복합,NA,414,계단식,20041115,0,88,220,106,1168011800
A13527018,양재SK허브프리모,서울특별시 강남구 도곡동 953-1 양재SK허브프리모,1,176,SK건설,SK건설,주상복합,서울특별시 강남구 강남대로 240,176,복도식,20060118,67,109,0,0,1168011800
A13585804,역삼럭키,서울특별시 강남구 도곡동 963 역삼럭키,10,1094,럭키,럭키,아파트,서울특별시 강남구 논현로 213,1094,혼합식,19951228,0,674,420,0,1168011800
A13527006,역삼삼익,서울특별시 강남구 도곡동 869 역삼삼익,2,247,삼익주택,삼익주택,아파트,서울특별시 강남구 논현로 218,247,혼합식,19830611,0,0,143,104,1168011800
A13527003,우성캐릭터199 아파트,서울특별시 강남구 도곡동 467-24 우성캐릭터199 아파트,2,199,(주)우성건설,(주)우성건설,주상복합,서울특별시 강남구 언주로 118,199,계단식,19981107,0,0,99,100,1168011800
A13527017,타워팰리스1차,서울특별시 강남구 도곡동 467 타워팰리스1차,4,1297,삼성전자,삼성물산,주상복합,서울특별시 강남구 언주로30길 56,1297,복도식,20021023,0,114,84,1099,1168011800
A13585402,타워팰리스2차,서울특별시 강남구 도곡동 467-17 타워팰리스2차,2,813,삼성중공업,삼성중공업,주상복합,서울특별시 강남구 언주로30길 57,813,혼합식,20030228,0,8,206,599,1168011800
A13585403,타워팰리스G동,서울특별시 강남구 도곡동 467-29 타워팰리스G동,1,480,삼성생명,삼성중공업,주상복합,서울특별시 강남구 언주로30길 26,480,복도식,20040419,0,0,76,404,1168011800
A13527005,현대비전21,서울특별시 강남구 도곡동 467-19 현대비전21,1,232,ㅁ,ㅁ,주상복합,서울특별시 강남구 언주로30길 10,232,복도식,19991130,232,0,0,0,1168011800
